{"cameraMode":{"drawMode":0,"name":"Shaded","section":"Shading Mode"},"sceneLighting":false,"audioPlay":false,"sceneViewState":{"m_AlwaysRefresh":false,"showFog":false,"showSkybox":false,"showFlares":false,"showImageEffects":false,"showParticleSystems":false,"showVisualEffectGraphs":true,"m_FxEnabled":true},"in2DMode":false,"pivot":{"x":0.362902969121933,"y":0.30224108695983889,"z":4.4499311447143559},"rotation":{"x":0.0010903694201260806,"y":1.0004088878631592,"z":-0.010794113390147686,"w":-0.008074777200818062},"size":3.908519744873047,"orthographic":true}