{"cameraMode":{"drawMode":0,"name":"Shaded","section":"Shading Mode"},"sceneLighting":false,"audioPlay":false,"sceneViewState":{"m_AlwaysRefresh":false,"showFog":false,"showSkybox":false,"showFlares":false,"showImageEffects":false,"showParticleSystems":false,"showVisualEffectGraphs":true,"m_FxEnabled":true},"in2DMode":false,"pivot":{"x":-0.059999942779541019,"y":0.8950319290161133,"z":-0.06070971488952637},"rotation":{"x":0.00210426258854568,"y":0.9977349638938904,"z":-0.07072333246469498,"w":0.01020862627774477},"size":3.0220954418182375,"orthographic":true}