{"cameraMode":{"drawMode":0,"name":"Shaded","section":"Shading Mode"},"sceneLighting":false,"audioPlay":false,"sceneViewState":{"m_AlwaysRefresh":false,"showFog":false,"showSkybox":false,"showFlares":false,"showImageEffects":false,"showParticleSystems":false,"showVisualEffectGraphs":true,"m_FxEnabled":true},"in2DMode":false,"pivot":{"x":0.8729300498962402,"y":1.4508399963378907,"z":0.017601966857910157},"rotation":{"x":0.07868264615535736,"y":0.9202468395233154,"z":-0.23856031894683839,"w":0.30187442898750307},"size":9.25809383392334,"orthographic":true}