{"cameraMode":{"drawMode":0,"name":"Shaded","section":"Shading Mode"},"sceneLighting":true,"audioPlay":false,"sceneViewState":{"m_AlwaysRefresh":false,"showFog":true,"showSkybox":true,"showFlares":true,"showImageEffects":true,"showParticleSystems":true,"showVisualEffectGraphs":true,"m_FxEnabled":true},"in2DMode":false,"pivot":{"x":146.23300170898438,"y":1.0669994354248047,"z":167.89999389648438},"rotation":{"x":0.7085927724838257,"y":0.001490392372943461,"z":-0.0014846447156742216,"w":0.705621600151062},"size":87.35186767578125,"orthographic":false}