{"cameraMode":{"drawMode":0,"name":"Shaded","section":"Shading Mode"},"sceneLighting":true,"audioPlay":false,"sceneViewState":{"m_AlwaysRefresh":false,"showFog":true,"showSkybox":true,"showFlares":true,"showImageEffects":true,"showParticleSystems":true,"showVisualEffectGraphs":true,"m_FxEnabled":true},"in2DMode":false,"pivot":{"x":108.47325897216797,"y":1.0669994354248047,"z":211.20989990234376},"rotation":{"x":0.018890785053372384,"y":0.025492658838629724,"z":-0.0004818126035388559,"w":0.999496340751648},"size":61.3303108215332,"orthographic":true}