{"cameraMode":{"drawMode":0,"name":"Shaded","section":"Shading Mode"},"sceneLighting":true,"audioPlay":false,"sceneViewState":{"m_AlwaysRefresh":false,"showFog":true,"showSkybox":true,"showFlares":true,"showImageEffects":true,"showParticleSystems":true,"showVisualEffectGraphs":true,"m_FxEnabled":true},"in2DMode":false,"pivot":{"x":110.31587982177735,"y":-77.79325866699219,"z":-809.8492431640625},"rotation":{"x":-0.006849797908216715,"y":-0.9903169274330139,"z":0.05293162912130356,"w":-0.12816621363162995},"size":356.2287292480469,"orthographic":false}